intersectionId,lat,lon,junctionId,degree
35.94452_139.64453,35.944515,139.644527,1105812358,3
35.94457_139.64847,35.944574,139.648474,1346777802,4
35.94462_139.64402,35.944625,139.644023,1104250869,4
35.94465_139.65222,35.944652,139.652219,5179209842,3
35.94473_139.64354,35.94473,139.643541,1104250850,3
35.94474_139.64570,35.944738,139.645699,cluster_1104269415_8259504408,5
35.94480_139.64955,35.944797,139.649546,cluster_1346777901_1346778268,5
35.94484_139.64990,35.944842,139.649898,4779135077,3
35.94486_139.64716,35.944857,139.647164,1346778151,4
35.94486_139.64999,35.944857,139.649986,7197799750,4
35.94488_139.64525,35.944876,139.645249,1105812303,3
35.94488_139.64910,35.944883,139.649097,cluster_10774790685_1346777891,4
35.94488_139.65237,35.944883,139.652374,4779135075,3
35.94489_139.65086,35.944892,139.650857,1346746377,3
35.94493_139.65037,35.944929,139.650374,4779135079,3
35.94495_139.65393,35.944954,139.653932,1125946113,3
35.94499_139.64468,35.944991,139.644678,1105812323,3
35.94501_139.64853,35.945009,139.648528,529143526,3
35.94512_139.64799,35.945123,139.647993,1104269454,3
35.94515_139.64583,35.945146,139.645826,1346778272,3
35.94516_139.64327,35.945158,139.643274,3523475306,3
35.94527_139.64729,35.945273,139.647293,1104269360,4
35.94528_139.64819,35.945279,139.648189,1104269342,3
35.94532_139.65088,35.945315,139.650884,4779135076,3
35.94540_139.65394,35.9454,139.653937,5179209839,4
35.94555_139.64771,35.945548,139.647709,10774790689,3
35.94556_139.64596,35.945559,139.645955,1104269393,4
35.94556_139.64852,35.945563,139.648522,1104269305,4
35.94558_139.64345,35.94558,139.643447,243467111,4
35.94571_139.64743,35.945706,139.647427,1104269412,4
35.94572_139.65294,35.945716,139.65294,6139361345,4
35.94576_139.64504,35.945755,139.645035,cluster_10774790700_1105812246,4
35.94577_139.64876,35.945769,139.648763,1104269583,3
35.94579_139.65392,35.945792,139.653924,8155282180,3
35.94588_139.64810,35.945879,139.648098,10774790687,3
35.94589_139.64443,35.945885,139.644426,1104250841,4
35.94594_139.64961,35.945942,139.649614,1125946115,4
35.94599_139.64907,35.945988,139.649075,1104269467,4
35.94600_139.64609,35.946005,139.646094,1104269395,4
35.94601_139.65048,35.946012,139.650476,1125946054,3
35.94603_139.64375,35.946029,139.643751,529143524,3
35.94606_139.64754,35.946064,139.647538,1104269455,3
35.94609_139.64310,35.946086,139.643102,10774790701,3
35.94610_139.64566,35.946098,139.645657,12543022637,3
35.94627_139.65333,35.946266,139.65333,8155282206,3
35.94631_139.64761,35.946306,139.647613,cluster_1104269341_1104269490,4
35.94633_139.64455,35.946334,139.644555,1104269546,3
35.94637_139.64621,35.946372,139.64621,1104269319,4
35.94640_139.65054,35.946398,139.650539,7197799722,4
35.94643_139.65041,35.946429,139.650406,7197799725,3
35.94665_139.64630,35.946653,139.646297,1104269445,4
35.94665_139.64950,35.946651,139.649504,5179199341,4
35.94668_139.64773,35.946681,139.647729,1104269510,4
35.94669_139.64350,35.94669,139.643498,1104250840,3
35.94670_139.64480,35.946698,139.644804,3499480129,4
35.94678_139.64430,35.946784,139.644299,cluster_1104250862_243467116_9387708547,4
35.94690_139.64846,35.946901,139.648462,cluster_1104269584_5179199338,5
35.94695_139.64499,35.946945,139.644994,1104269310,3
35.94699_139.64369,35.946987,139.643693,cluster_1104250898_1104250905,4
35.94699_139.64640,35.946987,139.646401,1104269396,4
35.94706_139.64781,35.947063,139.64781,cluster_1103391580_1103391597,4
35.94714_139.65304,35.947145,139.653042,1346747292,3
35.94724_139.64521,35.947245,139.645211,1104269544,3
35.94730_139.65260,35.947297,139.652598,1346746801,3
35.94736_139.65156,35.947361,139.651558,1346746399,3
35.94738_139.64652,35.947378,139.646523,247187282,4
35.94739_139.65358,35.947387,139.653584,1346746590,4
35.94747_139.64808,35.947471,139.648078,cluster_1346778269_1346778297,4
35.94748_139.64402,35.947484,139.644019,3499483634,3
35.94749_139.65197,35.947494,139.651972,1346746072,3
35.94753_139.65105,35.947526,139.651051,cluster_1346746611_9251912024,4
35.94763_139.64549,35.947625,139.645492,1104250873,3
35.94763_139.65158,35.947629,139.651581,1346746533,3
35.94764_139.65312,35.947645,139.65312,1346746029,3
35.94772_139.64671,35.947718,139.646712,1346778286,4
35.94774_139.64501,35.94774,139.645008,1103391554,4
35.94777_139.65035,35.947774,139.650346,9251912028,3
35.94777_139.65401,35.947773,139.654009,3498406910,3
35.94780_139.64844,35.9478,139.648443,cluster_1103391575_1125946181,5
35.94787_139.64611,35.947873,139.646107,3497173265,3
35.94790_139.64429,35.947901,139.644293,1103373654,4
35.94791_139.65160,35.947907,139.651604,1346746188,3
35.94793_139.64901,35.947928,139.649009,1103391552,3
35.94796_139.65285,35.947962,139.652855,1346746116,4
35.94797_139.64575,35.947965,139.645746,3523499651,3
35.94798_139.65008,35.947978,139.650083,1103338466,3
35.94804_139.65083,35.948041,139.650827,9251912019,3
35.94805_139.64853,35.948048,139.648534,4783289252,3
35.94809_139.64526,35.948091,139.64526,3497173266,3
35.94814_139.65101,35.948136,139.651015,9251912035,3
35.94815_139.64700,35.948146,139.646998,cluster_1346777825_1346778097,4
35.94820_139.64939,35.948201,139.649387,1103391594,3
35.94821_139.65347,35.948207,139.653467,3498406908,3
35.94829_139.65352,35.948291,139.653516,1346746524,3
35.94831_139.65034,35.948309,139.650336,1104269526,4
35.94833_139.64625,35.948328,139.64625,1346777820,3
35.94838_139.65261,35.948378,139.652611,1346746706,3
35.94840_139.64880,35.948396,139.648804,1103338451,4
35.94843_139.64466,35.948429,139.644657,1104269347,3
35.94848_139.64302,35.94848,139.643021,3479157898,3
35.94848_139.64724,35.948478,139.647243,4783289253,4
35.94848_139.65090,35.948481,139.650896,9251912036,3
35.94855_139.65114,35.948551,139.651141,9251912039,3
35.94858_139.64695,35.948576,139.646948,10774790694,3
35.94860_139.65130,35.948597,139.651303,9251912037,3
35.94863_139.65058,35.94863,139.650582,1103391573,4
35.94865_139.64362,35.948655,139.643618,3498583188,3
35.94867_139.64635,35.948675,139.646347,cluster_3523499654_4783289254,4
35.94868_139.65398,35.94868,139.653981,1346777870,3
35.94874_139.64906,35.948736,139.649062,1104269542,4
35.94883_139.64315,35.948828,139.643147,cluster_1103338456_1104269508,4
35.94884_139.64751,35.94884,139.647515,1103338452,4
35.94895_139.65380,35.948949,139.6538,1346777818,3
35.94897_139.65084,35.948969,139.65084,1103421899,4
35.94906_139.64930,35.949065,139.6493,1103391602,4
35.94907_139.65310,35.949074,139.653105,1103398245,3
35.94917_139.64777,35.949171,139.647769,1104269410,4
35.94918_139.64650,35.949181,139.646501,1103398238,4
35.94921_139.64520,35.949211,139.645198,12543022560,3
35.94926_139.65359,35.949264,139.653588,1346777565,4
35.94930_139.65109,35.949296,139.65109,1103391549,4
35.94934_139.65223,35.949338,139.652228,1103398275,4
35.94935_139.65296,35.949347,139.652959,6534864540,3
35.94936_139.64599,35.949357,139.645986,243467121,4
35.94937_139.64531,35.949372,139.64531,12543022522,3
35.94940_139.64956,35.949404,139.649561,1103422084,4
35.94942_139.65249,35.949423,139.65249,2140107765,3
35.94944_139.65340,35.949439,139.653395,cluster_6534864536_6534864539,4
35.94950_139.64802,35.949496,139.648019,1103391600,4
35.94951_139.64674,35.949515,139.646745,1104269582,3
35.94952_139.65281,35.949519,139.652807,cluster_1103398266_3498406905,4
35.94955_139.64543,35.949548,139.645432,1346777805,4
35.94963_139.65135,35.949633,139.651346,1103398272,4
35.94963_139.65357,35.949633,139.653572,7410134415,3
35.94973_139.64347,35.949734,139.643467,3498495529,3
35.94974_139.64981,35.949738,139.649812,1103398251,4
35.94984_139.64828,35.94984,139.648284,1104269506,4
35.94985_139.64699,35.949846,139.646987,1103398264,4
35.94990_139.64438,35.949903,139.644378,1346778260,3
35.94993_139.65366,35.949932,139.653662,6534864533,3
35.94995_139.65159,35.949947,139.651588,1103391605,4
35.94997_139.64576,35.949966,139.64576,1346778175,3
35.95000_139.64408,35.949998,139.644082,3498583187,3
35.95002_139.64648,35.950015,139.646483,1103391557,4
35.95006_139.65006,35.950062,139.650063,1104269521,4
35.95015_139.64361,35.950153,139.643607,1103338441,4
35.95017_139.64854,35.95017,139.648537,1103422105,4
35.95019_139.64724,35.950191,139.647238,1104269566,3
35.95019_139.65366,35.950186,139.653659,cluster_6534864528_6534864529,4
35.95020_139.64594,35.950197,139.645941,1346778041,4
35.95037_139.64460,35.950367,139.644603,1346778067,4
35.95038_139.64540,35.95038,139.645398,1346777562,3
35.95038_139.65031,35.95038,139.650309,1103398254,4
35.95040_139.65396,35.950398,139.653958,6534864518,5
35.95045_139.65305,35.950446,139.653046,cluster_1104269575_6534864487,4
35.95049_139.64878,35.950488,139.648781,1104269548,4
35.95052_139.64748,35.950525,139.647482,1103398242,4
35.95061_139.64391,35.950608,139.643906,1346777928,4
35.95061_139.64473,35.950609,139.644727,1346778049,4
35.95069_139.64365,35.950692,139.643645,13036554831,3
35.95069_139.64699,35.950694,139.646994,1346777926,4
35.95071_139.65058,35.950714,139.650577,1103398260,4
35.95076_139.65377,35.950758,139.653769,6534864481,3
35.95079_139.65378,35.950788,139.653778,6534864479,3
35.95082_139.64904,35.950822,139.649039,1104269427,4
35.95083_139.64492,35.950833,139.644924,4783288908,3
35.95083_139.65150,35.950828,139.651497,cluster_1103398244_1103398258,4
35.95084_139.64406,35.950842,139.64406,cluster_12483869509_529143732,4
35.95084_139.64772,35.950845,139.647715,1104269425,3
35.95085_139.64315,35.950851,139.643154,1346777529,3
35.95087_139.64647,35.950872,139.646471,1346778290,4
35.95094_139.64992,35.950939,139.649915,7099111062,3
35.95096_139.65383,35.950956,139.65383,6534864472,3
35.95097_139.65169,35.950966,139.65169,1346793247,3
35.95101_139.65210,35.951011,139.6521,2140107780,3
35.95102_139.64337,35.951015,139.643365,4783288964,3
35.95103_139.65345,35.951034,139.653447,6534864473,3
35.95106_139.64592,35.951058,139.645922,1346778275,4
35.95107_139.65084,35.951072,139.650845,1103391609,3
35.95109_139.65272,35.951095,139.65272,1346792365,3
35.95115_139.64929,35.951149,139.64929,1104269375,4
35.95119_139.65052,35.951192,139.650524,1103421929,3
35.95120_139.64798,35.951204,139.647977,1104269465,3
35.95121_139.64526,35.951211,139.645261,cluster_1346778024_8261149923,4
35.95128_139.65178,35.95128,139.651781,cluster_1346792476_2140107786,4
35.95129_139.65268,35.951292,139.652676,1346792440,3
35.95131_139.65394,35.951308,139.653938,6534864476,3
35.95133_139.65016,35.951329,139.650158,7099111061,3
35.95137_139.64397,35.951373,139.643965,cluster_1369827033_4783288962,4
35.95137_139.64751,35.951372,139.647506,1346777887,3
35.95139_139.65356,35.951389,139.653558,6534864475,4
35.95143_139.64481,35.95143,139.644809,4783288903,3
35.95151_139.64431,35.951515,139.644314,4783288914,3
35.95152_139.64821,35.951517,139.648205,1104269488,4
35.95154_139.64389,35.951541,139.643894,12455999685,3
35.95154_139.64959,35.951543,139.649587,1103398243,4
35.95156_139.64701,35.951555,139.647007,1346777847,4
35.95157_139.65176,35.951567,139.651759,2140107795,3
35.95160_139.65078,35.951605,139.650782,2140107796,3
35.95166_139.64455,35.951658,139.644547,cluster_1369827040_4783288924,4
35.95168_139.64774,35.951678,139.647741,3497205119,3
35.95168_139.65401,35.95168,139.65401,cluster_6534864469_6534864480_7577043567,4
35.95172_139.64571,35.951721,139.645712,12483869438,3
35.95175_139.64716,35.95175,139.64716,13505747842,3
35.95176_139.64646,35.951755,139.646465,1346778195,4
35.95177_139.65259,35.95177,139.652588,1116474206,3
35.95179_139.65174,35.951786,139.651739,cluster_1346792325_1346792640,4
35.95180_139.64379,35.951796,139.643791,8261106093,3
35.95180_139.65229,35.951796,139.652286,2140107800,3
35.95188_139.64341,35.951877,139.643409,1369827044,3
35.95189_139.64499,35.951885,139.644989,4783288899,3
35.95189_139.64511,35.951886,139.645113,4783288900,3
35.95191_139.65346,35.951913,139.653456,7577043568,3
35.95194_139.64852,35.951943,139.648516,1103398270,4
35.95194_139.64989,35.951936,139.649895,7197799706,3
35.95195_139.64592,35.951954,139.645919,1346777495,4
35.95200_139.64334,35.951997,139.643339,4783288947,3
35.95200_139.64372,35.952002,139.643724,1369827046,3
35.95203_139.65104,35.952025,139.651038,1103421989,3
35.95207_139.64435,35.952073,139.644355,2140107810,3
35.95211_139.64807,35.952112,139.648065,1103398262,4
35.95211_139.65291,35.952113,139.652905,7577043575,3
35.95215_139.64677,35.952147,139.646768,1346777853,3
35.95216_139.64326,35.952163,139.643257,12435222174,3
35.95216_139.64490,35.952161,139.644898,cluster_2140107815_4783288895,4
35.95216_139.65265,35.952164,139.652649,1116474238,3
35.95217_139.65170,35.95217,139.651704,cluster_1346792499_8261076676,4
35.95225_139.64366,35.95225,139.643665,12500904645,3
35.95228_139.64430,35.952283,139.644301,4783288897,3
35.95230_139.64895,35.952302,139.648954,7197799708,3
35.95234_139.64627,35.952337,139.646267,1346778241,4
35.95236_139.64764,35.952356,139.647635,1346778132,4
35.95236_139.65022,35.952363,139.650223,1103421865,4
35.95243_139.65282,35.952431,139.652818,1346792449,3
35.95246_139.65260,35.952458,139.652601,2140107822,3
35.95249_139.64302,35.952486,139.643016,2140107824,3
35.95250_139.64581,35.952501,139.645805,1346778213,3
35.95251_139.65223,35.952509,139.65223,2140107823,4
35.95255_139.65396,35.952546,139.653963,13651445299,3
35.95256_139.65171,35.952557,139.651715,1346792332,4
35.95257_139.64518,35.952574,139.645178,12483869562,4
35.95257_139.64726,35.952575,139.64726,1346777729,3
35.95260_139.64433,35.952597,139.644333,cluster_12435222185_1369827066,3
35.95263_139.64794,35.952626,139.647942,1346777943,3
35.95267_139.65046,35.952668,139.650458,cluster_1346792710_7197799709,4
35.95269_139.64944,35.952687,139.649438,7197799711,4
35.95277_139.64357,35.952775,139.643566,4783288921,3
35.95282_139.64682,35.952817,139.646816,1346778093,4
35.95283_139.64390,35.952831,139.643897,4783288920,3
35.95293_139.64592,35.952934,139.645925,1346777900,3
35.95293_139.64886,35.952927,139.648859,1346777878,4
35.95293_139.65308,35.952929,139.653082,1116474616,3
35.95297_139.64635,35.952974,139.646355,cluster_1346777747_1346777806,4
35.95299_139.65070,35.952989,139.650705,2140107841,3
35.95301_139.64986,35.953006,139.649864,7197799710,3
35.95303_139.65193,35.953026,139.651927,2140107840,3
35.95308_139.64713,35.953079,139.647127,1346777798,3
35.95308_139.64845,35.953075,139.648448,1346777579,4
35.95311_139.64353,35.953111,139.643526,12435222184,3
35.95330_139.64298,35.953299,139.642977,12435222177,3
35.95339_139.64346,35.953394,139.643462,12435222182,3
35.95339_139.65102,35.953393,139.651016,2140107849,4
35.95343_139.64752,35.953435,139.647522,1346778281,4
