intersectionId,lat,lon,active,port,junctionId,distance_m
35.94627_139.65333,35.94627,139.65333,1,55616,8155282206,0.5
35.94763_139.64549,35.94763,139.64549,1,55625,1104250873,0.6
35.95151_139.65476,35.95151,139.65476,1,55601,cluster_6534864471_7410131676,1.9
35.94572_139.65294,35.94572,139.65294,0,55617,6139361345,0.4
35.94640_139.65054,35.9464,139.65054,0,55618,7197799722,0.3
35.94643_139.65041,35.94643,139.65041,0,55619,7197799725,0.4
35.94665_139.64950,35.94665,139.6495,0,55620,5179199341,0.3
35.94690_139.64848,35.9469,139.64848,0,55621,cluster_1104269584_5179199338,1.6
35.94691_139.64844,35.94691,139.64844,0,55622,cluster_1104269584_5179199338,2.2
35.94702_139.65418,35.94702,139.65418,0,,1346746009,0.5
35.94706_139.64785,35.94706,139.64785,0,55623,cluster_1103391580_1103391597,3.7
35.94707_139.64778,35.94707,139.64778,0,55624,cluster_1103391580_1103391597,2.8
35.94738_139.64652,35.94738,139.64652,0,,247187282,0.4
35.94739_139.65481,35.94739,139.65481,0,55615,3498406911,0.6
35.94743_139.65492,35.94743,139.65492,0,55614,1103422010,0.3
35.94774_139.64501,35.94774,139.64501,0,55626,1103391554,0.2
35.94781_139.65569,35.94781,139.65569,0,55613,11860616907,0.5
35.94790_139.64429,35.9479,139.64429,0,55627,1103373654,0.3
35.94797_139.65600,35.94797,139.656,0,55612,1346777684,0.1
35.94818_139.65643,35.94818,139.65643,0,55611,1103421935,0.7
35.94821_139.64292,35.94821,139.64292,0,55628,247187294,0.1
35.94837_139.64226,35.94837,139.64226,0,55629,3498556797,0.5
35.94842_139.64088,35.94842,139.64088,0,55633,3497265129,0.5
35.94846_139.64068,35.94846,139.64068,0,55634,1798121955,0.5
35.94851_139.64094,35.94851,139.64094,0,55632,1798121959,0.3
35.94853_139.64152,35.94853,139.64152,0,55630,1103338467,0.1
35.94857_139.65614,35.94857,139.65614,0,55610,cluster_3498484421_3498484422,3.4
35.94862_139.64113,35.94862,139.64113,0,55631,245132883,0.3
35.94862_139.65610,35.94862,139.6561,0,55609,cluster_3498484421_3498484422,3.3
35.94894_139.64086,35.94894,139.64086,0,55635,1798121988,0.3
35.94907_139.64061,35.94907,139.64061,0,55637,1798122000,6.0
35.94955_139.65546,35.94955,139.65546,0,55608,1105812342,0.3
35.94982_139.65499,35.94982,139.65499,0,55606,cluster_1104552650_1346777801,9.3
35.94991_139.65520,35.94991,139.6552,0,55607,1103398237,0.3
35.94997_139.65489,35.94997,139.65489,0,55605,12657470605,0.6
35.95024_139.65473,35.95024,139.65473,0,55604,1104552572,0.4
35.95052_139.65455,35.95052,139.65455,0,55603,1104552860,0.4
35.95064_139.65446,35.95064,139.65446,0,55602,7410134407,0.5
35.95148_139.65475,35.95148,139.65475,0,55639,cluster_6534864471_7410131676,1.6
35.95226_139.65529,35.95226,139.65529,0,55600,7410131660,11.0
35.95231_139.65505,35.95231,139.65505,0,55638,7410131659,0.3
