scheme,period,es_count,vehicles,concurrent,peers_mean,peers_p95,msgs_per_veh_s,setups_per_veh_min,conn_sec_median,ctrl_per_veh_min,precision,recall,met_n_es,met_connected_es,met_lead3_es,met_lead_median_es,met_n_all,met_connected_all,met_lead3_all,met_lead_median_all,pairs,reconnect_pct,conn_per_pair,short_pct,noshare_pct,far_pct,enc_n,enc_connected,enc_lead3,enc_lead_median,enc_fast_n,enc_fast_connected,enc_fast_lead3,enc_fast_lead_median,hz_followers,hz_coverage,hz_gap_median
eta_t15_j100_d60,1.5,20,600,97,6.99,23,6.99,19.45,16.0,32.21,43.2,86.6,4102,100.0,99.9,19.5,9765,82.6,81.4,20.0,14780,17.8,1.28,30.8,0.0,44.8,10025,79.3,78.9,14.0,6269,72.3,72.1,13.0,94,93.6,96.3
eta_t30_j100_d60,1.5,20,600,97,15.46,44,15.46,29.47,24.0,61.52,20.4,90.5,4102,100.0,99.9,42.0,9765,84.4,83.9,42.0,20873,24.5,1.37,27.8,0.0,65.5,10025,80.0,79.5,34.0,6269,73.0,72.7,31.0,94,97.9,107.6
eta_t45_j100_d60,1.5,20,600,97,22.1,56,22.1,42.71,20.0,100.37,14.3,90.9,4102,100.0,99.9,52.5,9765,84.7,84.3,52.0,24667,36.4,1.68,38.0,0.0,76.2,10025,80.2,79.7,47.0,6269,73.3,72.8,44.0,94,97.9,107.6
eta_t15_j0_d60,1.5,20,600,97,6.98,23,6.98,19.24,16.0,31.9,43.2,86.5,4102,100.0,99.9,19.5,9765,82.6,81.4,20.0,14743,17.6,1.27,30.2,0.0,44.3,10025,79.2,78.9,14.0,6269,72.3,72.0,13.0,94,93.6,95.9
eta_t15_j50_d60,1.5,20,600,97,6.98,23,6.98,19.24,16.0,31.91,43.2,86.5,4102,100.0,99.9,19.5,9765,82.6,81.4,20.0,14745,17.6,1.27,30.2,0.0,44.3,10025,79.2,78.9,14.0,6269,72.3,72.1,13.0,94,93.6,95.9
eta_t15_j150_d60,1.5,20,600,97,7.23,24,7.23,21.7,15.0,37.66,42.0,87.3,4102,100.0,99.9,20.5,9765,83.0,81.8,20.5,14994,20.8,1.41,36.8,0.0,50.1,10025,79.6,79.1,14.0,6269,72.7,72.3,13.0,94,97.9,98.8
eta_t15_j100_d30,1.5,20,600,97,6.11,22,6.11,18.91,14.0,30.18,46.8,82.1,4102,100.0,99.9,17.5,9765,73.2,70.6,16.5,14148,18.4,1.3,36.2,0.0,49.9,10025,63.7,63.4,14.0,6269,49.0,48.8,12.0,94,93.6,96.3
eta_t15_j100_d100,1.5,20,600,97,8.18,26,8.18,20.22,18.0,35.2,38.2,89.7,4102,100.0,99.9,22.0,9765,90.7,89.8,22.5,15688,16.9,1.25,27.4,0.0,44.1,10025,89.5,89.1,14.0,6269,87.5,87.0,13.0,94,93.6,96.3
dist_r100,1.5,20,600,97,5.31,17,5.31,16.93,15.0,57.65,34.7,57.3,4102,91.4,72.8,15.0,9765,91.1,70.8,15.0,14544,10.1,1.13,36.3,2.4,24.7,10025,96.1,64.3,4.0,6269,93.9,48.1,3.0,94,88.3,71.9
dist_r150,1.5,20,600,97,8.13,23,8.13,20.52,18.0,64.73,29.4,73.1,4102,98.0,85.1,19.5,9765,97.7,84.1,19.5,17699,10.4,1.13,22.7,4.6,39.5,10025,99.5,87.1,7.0,6269,99.2,80.2,5.0,94,100.0,98.8
dist_r200,1.5,20,600,97,12.71,34,12.71,26.52,22.0,76.59,22.1,85.1,4102,99.7,93.2,25.0,9765,99.5,93.0,24.0,22783,11.2,1.13,18.8,9.4,54.0,10025,100.0,95.4,10.0,6269,100.0,93.2,8.0,94,100.0,106.4
dist_r300,1.5,20,600,97,24.11,52,24.11,36.56,31.0,96.53,13.4,95.9,4102,100.0,99.4,38.0,9765,99.9,99.1,35.0,31310,11.6,1.14,13.4,15.2,67.0,10025,100.0,98.7,19.0,6269,100.0,98.5,14.0,94,100.0,106.4
